Name,URL_1080,URL_720,URL_480,Status
مسلسل علي كلاي الحلقة 5 الخامسة                                                                                                                                                 2026,,,,Broken
مسلسل المداح 6 اسطورة النهاية الحلقة 6 السادسة                                                                                                                                                 2026,,,,Broken
مسلسل الكينج الحلقة 6 السادسة                                                                                                                                                 2026,,,,Broken
مسلسل درش الحلقة 4 الرابعة                                                                                                                                                 2026,,,,Broken
مسلسل المداح 6 اسطورة النهاية الحلقة 7 السابعة                                                                                                                                                 2026,,,,Broken
مسلسل درش الحلقة 5 الخامسة                                                                                                                                                 2026,,,,Broken
مسلسل الكينج الحلقة 5 الخامسة                                                                                                                                                 2026,,,,Broken
مسلسل افراج الحلقة 5 الخامسة                                                                                                                                                 2026,,,,Broken
مسلسل علي كلاي الحلقة 4 الرابعة                                                                                                                                                 2026,,,,Broken
مسلسل وننسى اللي كان الحلقة 5 الخامسة                                                                                                                                                 2026,,,,Broken
Kizoku Tensei: Megumareta Umare kara Saikyou no Chikara wo     ( 2026  ),,,,Broken
مسلسل مثل الحلم الموسم الاول الحلقة 12 مترجمة     ( 2025  ),,,,Broken
مسلسل حكايات شامة الحلقة 4 الرابعة     ( 2026  ),,,,Broken
مسلسل متاهة الحلقة 5 الخامسة     ( 2026  ),,,,Broken
مسلسل سر وقدر الحلقة 5 الخامسة     ( 2026  ),,,,Broken
